name,split,n,pos,neg,pred_pos,pred_pos_rate,threshold,auc,ap,acc,bacc,f1,sensitivity,specificity,tn,fp,fn,tp
kl=0.01:native0.5,all,42857,307,42550,42857,1.0,0.5,0.669464358849715,0.030198417426931662,0.007163357211190704,0.5,0.014224816977110555,1.0,0.0,0,42550,0,307
kl=0.01:val_bacc_thr,all,42857,307,42550,16084,0.37529458431528107,0.52519266292,0.669464358849715,0.030198417426931662,0.6266887556291855,0.632520238692169,0.023915563418949425,0.6384364820846905,0.6266039952996475,26662,15888,111,196
kl=0.01:native0.5,train,29401,205,29196,29401,1.0,0.5,0.6555604008567829,0.030029032931693164,0.006972551954015169,0.5,0.013848544214010673,1.0,0.0,0,29196,0,205
kl=0.01:val_bacc_thr,train,29401,205,29196,10913,0.3711778510935002,0.52519266292,0.6555604008567829,0.030029032931693164,0.6302166592973029,0.6152144129332785,0.022126281705342688,0.6,0.630428825866557,18406,10790,82,123
kl=0.01:native0.5,val,5047,36,5011,5047,1.0,0.5,0.7403711833965276,0.03092770493775239,0.007132950267485635,0.5,0.014164863269722605,1.0,0.0,0,5011,0,36
kl=0.01:val_bacc_thr,val,5047,36,5011,1987,0.39369922726372103,0.52519266292,0.7403711833965276,0.03092770493775239,0.6106597978997425,0.7074075921860795,0.028670291646070194,0.8055555555555556,0.6092596288166034,3053,1958,7,29
kl=0.01:native0.5,test,8409,66,8343,8409,1.0,0.5,0.6742487805055226,0.03967598246418239,0.00784873349982162,0.5,0.015575221238938054,1.0,0.0,0,8343,0,66
kl=0.01:val_bacc_thr,test,8409,66,8343,3184,0.37864193126412177,0.52519266292,0.6742487805055226,0.03967598246418239,0.6239743132358188,0.6451516241160253,0.02707692307692308,0.6666666666666666,0.6236365815653842,5203,3140,22,44
kl=0.1:native0.5,all,42857,307,42550,4222,0.09851366171220571,0.5,0.6670453997404854,0.03338831293603207,0.8993629978766596,0.6275526397378827,0.04769264738352837,0.3517915309446254,0.9033137485311399,38436,4114,199,108
kl=0.1:val_bacc_thr,all,42857,307,42550,26180,0.6108687028956763,0.47359333986,0.6670453997404854,0.03338831293603207,0.3929813099376998,0.5794999559820406,0.017820062672254312,0.7687296416938111,0.3902702702702703,16606,25944,71,236
kl=0.1:native0.5,train,29401,205,29196,2860,0.09727560287065065,0.5,0.6615173645571227,0.032900994813669246,0.9009217373558722,0.6376880895812658,0.04959216965742251,0.37073170731707317,0.9046444718454583,26412,2784,129,76
kl=0.1:val_bacc_thr,train,29401,205,29196,17855,0.6072922689704432,0.47359333986,0.6615173645571227,0.032900994813669246,0.39593891364239314,0.5626443147908667,0.016611295681063124,0.7317073170731707,0.3935813125085628,11491,17705,55,150
kl=0.1:native0.5,val,5047,36,5011,463,0.09173766594016247,0.5,0.6570045899022152,0.045681858947251866,0.9054884089558153,0.6076769994900109,0.04408817635270541,0.3055555555555556,0.9097984434244661,4559,452,25,11
kl=0.1:val_bacc_thr,val,5047,36,5011,3181,0.6302754111353279,0.47359333986,0.6570045899022152,0.045681858947251866,0.3748761640578562,0.6162470343023128,0.019272614236866645,0.8611111111111112,0.37138295749351424,1861,3150,5,31
kl=0.1:native0.5,test,8409,66,8343,899,0.10690926388393387,0.5,0.6876132776887901,0.038204678198544596,0.8902366512070401,0.6064719470868338,0.043523316062176166,0.3181818181818182,0.8947620759918494,7465,878,45,21
kl=0.1:val_bacc_thr,test,8409,66,8343,5144,0.6117255321679154,0.47359333986,0.6876132776887901,0.038204678198544596,0.39350695683196574,0.6116804506772144,0.02111324376199616,0.8333333333333334,0.3900275680210955,3254,5089,11,55
kl=0.5:native0.5,all,42857,307,42550,40628,0.9479898266327554,0.5,0.6709614287846832,0.024079922983504257,0.058893529645098815,0.5163502221950034,0.014706241602540613,0.9804560260586319,0.05224441833137485,2223,40327,6,301
kl=0.5:val_bacc_thr,all,42857,307,42550,17866,0.41687472291574307,0.62426724092,0.6709614287846832,0.024079922983504257,0.5852486174953917,0.6165014143161713,0.021900621801573764,0.6482084690553745,0.5847943595769682,24883,17667,108,199
kl=0.5:native0.5,train,29401,205,29196,27867,0.9478249039148329,0.5,0.6619141780197086,0.02601135081846021,0.05880752355362062,0.5139899718972528,0.014249073810202337,0.975609756097561,0.052370187696944785,1529,27667,5,200
kl=0.5:val_bacc_thr,train,29401,205,29196,12173,0.41403353627427636,0.62426724092,0.6619141780197086,0.02601135081846021,0.5879731981905377,0.6157414647512689,0.021328162869607366,0.6439024390243903,0.5875804904781476,17155,12041,73,132
kl=0.5:native0.5,val,5047,36,5011,4804,0.951852585694472,0.5,0.6513559058959177,0.029017705271277238,0.05528036457301367,0.5242466573538216,0.01487603305785124,1.0,0.04849331470764318,243,4768,0,36
kl=0.5:val_bacc_thr,val,5047,36,5011,2206,0.4370913413909253,0.62426724092,0.6513559058959177,0.029017705271277238,0.5652863086982366,0.6156123195636267,0.021409455842997322,0.6666666666666666,0.5645579724605867,2829,2182,12,24
kl=0.5:native0.5,test,8409,66,8343,7957,0.9462480675466762,0.5,0.7075356223144789,0.028019348702505945,0.06136282554405994,0.5194528891939896,0.016203415181353608,0.9848484848484849,0.054057293539494185,451,7892,1,65
kl=0.5:val_bacc_thr,test,8409,66,8343,3487,0.41467475324057557,0.62426724092,0.7075356223144789,0.028019348702505945,0.5877036508502794,0.6193570004249616,0.02420489726991275,0.6515151515151515,0.5871988493347716,4899,3444,23,43
round1_auto:native0.5,all,42857,307,42550,7579,0.17684392281307604,0.5,0.6711342853971376,0.029717654334744825,0.8226660755535852,0.645519469334793,0.0362668019274664,0.46579804560260585,0.82524089306698,35114,7436,164,143
round1_auto:val_bacc_thr,all,42857,307,42550,8271,0.19299064330214433,0.4988449447,0.6711342853971376,0.029717654334744825,0.8067526891756306,0.6455899363462032,0.03450687806015388,0.4820846905537459,0.8090951821386604,34427,8123,159,148
round1_auto:native0.5,train,29401,205,29196,5134,0.1746199108873848,0.5,0.6602113052573189,0.027429800260806773,0.8250059521784974,0.6503235491664411,0.03633639258288069,0.47317073170731705,0.8274763666255651,24159,5037,108,97
round1_auto:val_bacc_thr,train,29401,205,29196,5589,0.19009557498044286,0.4988449447,0.6602113052573189,0.027429800260806773,0.8095983129825516,0.644987535880291,0.03382809803244736,0.47804878048780486,0.811926291272777,23705,5491,107,98
round1_auto:native0.5,val,5047,36,5011,890,0.1763423816128393,0.5,0.6984744672830883,0.03655359041385795,0.8228650683574401,0.6350140801348145,0.03455723542116631,0.4444444444444444,0.8255837158251846,4137,874,20,16
round1_auto:val_bacc_thr,val,5047,36,5011,1001,0.19833564493758668,0.4988449447,0.6984744672830883,0.03655359041385795,0.8016643550624133,0.6519157852724007,0.03471552555448409,0.5,0.8038315705448015,4028,983,18,18
round1_auto:native0.5,test,8409,66,8343,1555,0.18492091806397906,0.5,0.689078850351774,0.04019105013692027,0.8143655607087644,0.6358787442929837,0.03701418877236274,0.45454545454545453,0.817212034040513,6818,1525,36,30
round1_auto:val_bacc_thr,test,8409,66,8343,1681,0.1999048638363658,0.4988449447,0.689078850351774,0.04019105013692027,0.7998572957545487,0.6435988798448345,0.03663423010875787,0.48484848484848486,0.8023492748411842,6694,1649,34,32
